{"train_loss": [0.674990256389458, 0.6776157539047881, 0.6525020235312913, 0.5810598921989967, 0.5210944899541889, 0.43685597047477426, 0.37932845271989973, 0.3482514139777886, 0.319705157222862, 0.2923360498187071, 0.30529151535676624, 0.2544009707823485, 0.2269939536641458, 0.20616169581691662, 0.18601451542027697, 0.18708251416683197], "train_metric": [0.5795294046401978, 0.5696470737457275, 0.6114352941513062, 0.7013646960258484, 0.7420706152915955, 0.7994823455810547, 0.8320000171661377, 0.850352942943573, 0.8642352819442749, 0.8826352953910828, 0.8713411688804626, 0.896047055721283, 0.9103058576583862, 0.9191529154777527, 0.9299294352531433, 0.92757648229599], "val_loss": [0.7222508668899537, 0.6802936712900798, 0.6275211970011393, 0.6031277775764465, 0.5162524531284968, 0.4482742885748545, 0.4396454741557439, 0.3822254771987597, 0.37137104670206705, 0.3978826353947322, 0.43523072799046836, 0.3672860339283943, 0.36108797540267307, 0.3795673792560895, 0.49062949617703755, 0.3634049892425537], "val_metric": [0.5135999917984009, 0.5690666437149048, 0.6509333252906799, 0.6714666485786438, 0.7501333355903625, 0.7933333516120911, 0.7986666560173035, 0.8314666748046875, 0.8327999711036682, 0.8293333053588867, 0.8295999765396118, 0.8471999764442444, 0.8514666557312012, 0.8471999764442444, 0.7888000011444092, 0.853866696357727], "lr": [0.001, 0.001, 0.001, 0.001, 0.001, 0.001, 0.001, 0.001, 0.001, 0.001, 0.001, 0.001, 0.001, 0.001, 0.001, 0.001]}