{"train_loss": [0.6198400534734041, 0.39660787823314436, 0.31607943523429827, 0.26311985220380885, 0.2404917145292916, 0.20996610531416124, 0.18458413782189348, 0.17151381108842925, 0.1609475700307392], "train_metric": [0.6441411972045898, 0.8326117396354675, 0.8716235160827637, 0.8960000276565552, 0.9051764607429504, 0.92051762342453, 0.9312000274658203, 0.9361411929130554, 0.9453176259994507], "val_loss": [0.4388578544060389, 0.37174224058787025, 0.31632695694764457, 0.35970422079165776, 0.318591837088267, 0.3085456704099973, 0.3762885625163714, 0.34023338705301287, 0.36542650957902273], "val_metric": [0.8050666451454163, 0.8413333296775818, 0.8712000250816345, 0.8458666801452637, 0.8690666556358337, 0.8805333375930786, 0.8666666746139526, 0.8669333457946777, 0.848800003528595], "lr": [0.001, 0.001, 0.001, 0.001, 0.001, 0.001, 0.001, 0.001, 0.001]}