{"train_loss": [0.22285480595060758, 0.14688677161693908, 0.1350420688720126, 0.12587976473754733, 0.1192277706333233], "val_loss": [0.15845898448852663, 0.14792090792098414, 0.14704227382790738, 0.16042772132777056, 0.147674086440544], "val_metric": [0.9431999921798706, 0.9469333291053772, 0.9482666850090027, 0.9501333236694336, 0.9480000138282776], "lr": [3e-05, 3e-05, 3e-05, 3e-05, 3e-05]}